graph_uri,dataset_uri,dataset_slug
http://gss-data.org.uk/graph/gss_data/trade/ons-fdi,http://gss-data.org.uk/data/gss_data/trade/ons-fdi,ons-fdi
http://gss-data.org.uk/graph/gss_data/trade/ons-international-trade-in-services,http://gss-data.org.uk/data/gss_data/trade/ons-international-trade-in-services,ons-international-trade-in-services
http://gss-data.org.uk/graph/gss_data/trade/hmrc-rts-small-area,http://gss-data.org.uk/data/gss_data/trade/hmrc-rts-small-area,hmrc-rts-small-area
http://gss-data.org.uk/graph/gss_data/trade/ons-uk-sa-trade-in-goods,http://gss-data.org.uk/data/gss_data/trade/ons-uk-sa-trade-in-goods,ons-uk-sa-trade-in-goods
http://gss-data.org.uk/graph/gss_data/trade/ons-uk-total-trade,http://gss-data.org.uk/data/gss_data/trade/ons-uk-total-trade,ons-uk-total-trade
http://gss-data.org.uk/graph/gss_data/trade/ons-uk-trade-in-goods-by-industry-country-and-commodity,http://gss-data.org.uk/data/gss_data/trade/ons-uk-trade-in-goods-by-industry-country-and-commodity,ons-uk-trade-in-goods-by-industry-country-and-commodity
http://gss-data.org.uk/graph/gss_data/trade/ons-uk-trade-in-services,http://gss-data.org.uk/data/gss_data/trade/ons-uk-trade-in-services,ons-uk-trade-in-services
http://gss-data.org.uk/graph/gss_data/trade/ons_mrets,http://gss-data.org.uk/data/gss_data/trade/ons_mrets,ons_mrets
http://gss-data.org.uk/graph/gss_data/trade/ons_cpa,http://gss-data.org.uk/data/gss_data/trade/ons_cpa,ons_cpa
http://gss-data.org.uk/graph/gss_data/trade/hmrc_trade,http://gss-data.org.uk/data/gss_data/trade/hmrc_trade,hmrc_trade
http://gss-data.org.uk/graph/gss_data/trade/hmrc_rts,http://gss-data.org.uk/data/gss_data/trade/hmrc_rts,hmrc_rts
http://gss-data.org.uk/graph/gss_data/trade/ons-trade-in-goods,http://gss-data.org.uk/data/gss_data/trade/ons-trade-in-goods,ons-trade-in-goods
http://gss-data.org.uk/graph/gss_data/trade/ons-reuk-service,http://gss-data.org.uk/data/gss_data/trade/ons-reuk-service,ons-reuk-service
http://gss-data.org.uk/graph/gss_data/trade/ons-uk-trade-in-goods-cpa-08,http://gss-data.org.uk/data/gss_data/trade/ons-uk-trade-in-goods-cpa-08,ons-uk-trade-in-goods-cpa-08
http://gss-data.org.uk/graph/ons-pink-book-chapter-3,http://gss-data.org.uk/data/ons-pink-book-chapter-3,ons-pink-book-chapter-3
http://gss-data.org.uk/graph/ons-bop-individual-country-data,http://gss-data.org.uk/data/ons-bop-individual-country-data,ons-bop-individual-country-data
http://gss-data.org.uk/graph/gss_data/trade/ons_bop,http://gss-data.org.uk/data/gss_data/trade/ons_bop,ons_bop
http://gss-data.org.uk/graph/gss_data/trade/ons_abs,http://gss-data.org.uk/data/gss_data/trade/ons_abs,ons_abs
http://gss-data.org.uk/graph/gss_data/health/hmrc_alcohol_bulletin,http://gss-data.org.uk/data/gss_data/health/hmrc_alcohol_bulletin,hmrc_alcohol_bulletin
